{"textures":{"1":"block/white_concrete","2":"block/red_concrete","3":"block/black_concrete","10":"iavehicles:shopping_cart","particle":"block/white_concrete"},"elements":[{"from":[20.17544,3.99087,0.47541],"to":[21.17544,12.59087,1.47541],"rotation":{"angle":22.5,"axis":"z","origin":[19.4656,6.6232,0.95297]},"faces":{"north":{"uv":[0,0,1,1],"rotation":270,"texture":"#1"},"east":{"uv":[0,0,1,1],"rotation":270,"texture":"#1"},"south":{"uv":[0,0,1,1],"rotation":270,"texture":"#1"},"west":{"uv":[0,0,1,1],"rotation":270,"texture":"#1"},"up":{"uv":[0,0,1,1],"rotation":270,"texture":"#1"},"down":{"uv":[0,0,1,1],"rotation":270,"texture":"#1"}}},{"from":[19.77544,4.19087,15.47541],"to":[20.77544,12.79087,16.47541],"rotation":{"angle":22.5,"axis":"z","origin":[19.48951,7.89702,15.9552]},"faces":{"north":{"uv":[0,0,1,1],"rotation":270,"texture":"#1"},"east":{"uv":[0,0,1,1],"rotation":270,"texture":"#1"},"south":{"uv":[0,0,1,1],"rotation":270,"texture":"#1"},"west":{"uv":[0,0,1,1],"rotation":270,"texture":"#1"},"up":{"uv":[0,0,1,1],"rotation":270,"texture":"#1"},"down":{"uv":[0,0,1,1],"rotation":270,"texture":"#1"}}},{"from":[21.03018,2.96195,0.47541],"to":[22.03018,4.96195,1.47541],"rotation":{"angle":0,"axis":"y","origin":[13.05952,8.48229,8.2377]},"faces":{"north":{"uv":[0,0,1,1],"rotation":270,"texture":"#1"},"east":{"uv":[0,0,1,1],"rotation":270,"texture":"#1"},"south":{"uv":[0,0,1,1],"rotation":270,"texture":"#1"},"west":{"uv":[0,0,1,1],"rotation":270,"texture":"#1"},"up":{"uv":[0,0,1,1],"rotation":270,"texture":"#1"},"down":{"uv":[0,0,1,1],"rotation":270,"texture":"#1"}}},{"from":[21.03018,2.96195,15.47541],"to":[22.03018,4.96195,16.47541],"rotation":{"angle":0,"axis":"y","origin":[13.05952,8.48229,8.2377]},"faces":{"north":{"uv":[0,0,1,1],"rotation":270,"texture":"#1"},"east":{"uv":[0,0,1,1],"rotation":270,"texture":"#1"},"south":{"uv":[0,0,1,1],"rotation":270,"texture":"#1"},"west":{"uv":[0,0,1,1],"rotation":270,"texture":"#1"},"up":{"uv":[0,0,1,1],"rotation":270,"texture":"#1"},"down":{"uv":[0,0,1,1],"rotation":270,"texture":"#1"}}},{"from":[9.03018,3.96195,0.47541],"to":[9.83018,12.66195,1.47541],"rotation":{"angle":0,"axis":"y","origin":[13.05952,8.48229,8.2377]},"faces":{"north":{"uv":[0,0,1,1],"rotation":270,"texture":"#1"},"east":{"uv":[0,0,1,1],"rotation":270,"texture":"#1"},"south":{"uv":[0,0,1,1],"rotation":270,"texture":"#1"},"west":{"uv":[0,0,1,1],"rotation":270,"texture":"#1"},"up":{"uv":[0,0,1,1],"rotation":270,"texture":"#1"},"down":{"uv":[0,0,1,1],"rotation":270,"texture":"#1"}}},{"from":[9.03018,3.96195,15.47541],"to":[9.83018,12.66195,16.47541],"rotation":{"angle":0,"axis":"y","origin":[13.05952,8.48229,8.2377]},"faces":{"north":{"uv":[0,0,1,1],"rotation":270,"texture":"#1"},"east":{"uv":[0,0,1,1],"rotation":270,"texture":"#1"},"south":{"uv":[0,0,1,1],"rotation":270,"texture":"#1"},"west":{"uv":[0,0,1,1],"rotation":270,"texture":"#1"},"up":{"uv":[0,0,1,1],"rotation":270,"texture":"#1"},"down":{"uv":[0,0,1,1],"rotation":270,"texture":"#1"}}},{"from":[2.83018,2.96195,0.47541],"to":[21.03018,3.96195,1.47541],"rotation":{"angle":0,"axis":"y","origin":[13.05952,8.48229,8.2377]},"faces":{"north":{"uv":[0,0,1,1],"rotation":270,"texture":"#1"},"east":{"uv":[0,0,1,1],"rotation":270,"texture":"#1"},"south":{"uv":[0,0,1,1],"rotation":270,"texture":"#1"},"west":{"uv":[0,0,1,1],"rotation":270,"texture":"#1"},"up":{"uv":[0,0,1,1],"rotation":270,"texture":"#1"},"down":{"uv":[0,0,1,1],"rotation":270,"texture":"#1"}}},{"from":[-2.59471,2.96195,5.95033],"to":[-1.59471,3.96195,10.95033],"rotation":{"angle":0,"axis":"y","origin":[13.05952,8.48229,8.2377]},"faces":{"north":{"uv":[0,0,1,1],"rotation":270,"texture":"#1"},"east":{"uv":[0,0,1,1],"rotation":270,"texture":"#1"},"south":{"uv":[0,0,1,1],"rotation":270,"texture":"#1"},"west":{"uv":[0,0,1,1],"rotation":270,"texture":"#1"},"up":{"uv":[0,0,1,1],"rotation":270,"texture":"#1"},"down":{"uv":[0,0,1,1],"rotation":270,"texture":"#1"}}},{"from":[2.83018,2.96195,0.47541],"to":[21.03018,3.96195,1.47541],"rotation":{"angle":0,"axis":"y","origin":[13.05952,8.48229,8.2377]},"faces":{"north":{"uv":[0,0,16,1],"rotation":270,"texture":"#1"},"east":{"uv":[0,0,16,1],"rotation":270,"texture":"#1"},"south":{"uv":[0,0,16,1],"rotation":90,"texture":"#1"},"west":{"uv":[0,0,16,1],"rotation":270,"texture":"#1"},"up":{"uv":[0,0,16,1],"rotation":90,"texture":"#1"},"down":{"uv":[0,0,16,1],"rotation":90,"texture":"#1"}}},{"from":[2.83018,2.96195,15.47541],"to":[21.03018,3.96195,16.47541],"rotation":{"angle":0,"axis":"y","origin":[13.05952,8.48229,8.2377]},"faces":{"north":{"uv":[0,0,1,1],"rotation":270,"texture":"#1"},"east":{"uv":[0,0,1,1],"rotation":270,"texture":"#1"},"south":{"uv":[0,0,1,1],"rotation":270,"texture":"#1"},"west":{"uv":[0,0,1,1],"rotation":270,"texture":"#1"},"up":{"uv":[0,0,1,1],"rotation":270,"texture":"#1"},"down":{"uv":[0,0,1,1],"rotation":270,"texture":"#1"}}},{"from":[3.61399,2.96195,-4.4815],"to":[11.41399,3.96195,-3.4815],"rotation":{"angle":45,"axis":"y","origin":[13.05952,8.48229,8.2377]},"faces":{"north":{"uv":[0,0,1,1],"rotation":270,"texture":"#1"},"east":{"uv":[0,0,1,1],"rotation":270,"texture":"#1"},"south":{"uv":[0,0,1,1],"rotation":270,"texture":"#1"},"west":{"uv":[0,0,1,1],"rotation":270,"texture":"#1"},"up":{"uv":[0,0,1,1],"rotation":270,"texture":"#1"},"down":{"uv":[0,0,1,1],"rotation":270,"texture":"#1"}}},{"from":[0.03582,2.96195,-0.96919],"to":[1.03582,3.96195,6.83081],"rotation":{"angle":45,"axis":"y","origin":[13.05952,8.48229,8.2377]},"faces":{"north":{"uv":[0,0,1,1],"rotation":270,"texture":"#1"},"east":{"uv":[0,0,1,1],"rotation":270,"texture":"#1"},"south":{"uv":[0,0,1,1],"rotation":270,"texture":"#1"},"west":{"uv":[0,0,1,1],"rotation":270,"texture":"#1"},"up":{"uv":[0,0,1,1],"rotation":270,"texture":"#1"},"down":{"uv":[0,0,1,1],"rotation":270,"texture":"#1"}}},{"from":[-0.88096,12.6,0.47541],"to":[20.11904,23.4,0.47541],"rotation":{"angle":0,"axis":"y","origin":[13.05952,11.48229,8.2377]},"faces":{"north":{"uv":[0,0,15.5,8],"texture":"#10"},"east":{"uv":[0,0,15.5,8],"texture":"#10"},"south":{"uv":[0,0,15.5,8],"texture":"#10"},"west":{"uv":[0,0,15.5,8],"texture":"#10"}}},{"from":[-0.88096,12.6,0.47541],"to":[-0.88096,23.4,16.47541],"rotation":{"angle":0,"axis":"y","origin":[13.05952,11.48229,8.2377]},"faces":{"north":{"uv":[0,0,9.5,8],"texture":"#10"},"east":{"uv":[0,0,9.5,8],"texture":"#10"},"south":{"uv":[0,0,9.5,8],"texture":"#10"},"west":{"uv":[0,0,9.5,8],"texture":"#10"}}},{"from":[-0.88096,12.6,16.47541],"to":[20.11904,23.4,16.47541],"rotation":{"angle":0,"axis":"y","origin":[13.05952,11.48229,8.2377]},"faces":{"north":{"uv":[0,0,15.5,8],"texture":"#10"},"east":{"uv":[0,0,15.5,8],"texture":"#10"},"south":{"uv":[0,0,15.5,8],"texture":"#10"},"west":{"uv":[0,0,15.5,8],"texture":"#10"}}},{"from":[17.06331,14.42756,0.47541],"to":[17.06331,25.22756,16.47541],"rotation":{"angle":-22.5,"axis":"z","origin":[14.54872,19.83817,8.4794]},"faces":{"north":{"uv":[0,0,9.5,8],"texture":"#10"},"east":{"uv":[0,0,9.5,8],"texture":"#10"},"south":{"uv":[0,0,9.5,8],"texture":"#10"},"west":{"uv":[0,0,9.5,8],"texture":"#10"}}},{"from":[20.11904,12.6,0.47541],"to":[20.11904,23.4,16.47541],"rotation":{"angle":0,"axis":"y","origin":[13.05952,11.48229,8.2377]},"faces":{"north":{"uv":[0,0,9.5,8],"texture":"#10"},"east":{"uv":[0,0,9.5,8],"texture":"#10"},"south":{"uv":[0,0,9.5,8],"texture":"#10"},"west":{"uv":[0,0,9.5,8],"texture":"#10"}}},{"from":[-0.88096,12.6,0.47541],"to":[20.11904,12.7,16.47541],"rotation":{"angle":0,"axis":"y","origin":[13.05952,11.48229,8.2377]},"faces":{"up":{"uv":[0,0,12.5,7.5],"rotation":180,"texture":"#10"},"down":{"uv":[0,0,12.5,7.5],"rotation":180,"texture":"#10"}}},{"from":[19.11904,23,-0.52459],"to":[21.11904,24,17.47541],"rotation":{"angle":0,"axis":"y","origin":[13.05952,11.48229,8.2377]},"faces":{"north":{"uv":[0,0,1,1],"rotation":180,"texture":"#1"},"east":{"uv":[0,0,1,1],"rotation":180,"texture":"#1"},"south":{"uv":[0,0,1,1],"rotation":180,"texture":"#1"},"west":{"uv":[0,0,1,1],"rotation":180,"texture":"#1"},"up":{"uv":[0,0,1,1],"rotation":180,"texture":"#1"},"down":{"uv":[0,0,1,1],"rotation":180,"texture":"#1"}}},{"from":[20.58111,23.626,-0.52459],"to":[23.58111,24.526,0.47541],"rotation":{"angle":22.5,"axis":"z","origin":[22.34346,24.56511,-0.02598]},"faces":{"north":{"uv":[0,0,1,1],"rotation":180,"texture":"#1"},"east":{"uv":[0,0,1,1],"rotation":180,"texture":"#1"},"south":{"uv":[0,0,1,1],"rotation":180,"texture":"#1"},"west":{"uv":[0,0,1,1],"rotation":180,"texture":"#1"},"up":{"uv":[0,0,1,1],"rotation":180,"texture":"#1"},"down":{"uv":[0,0,1,1],"rotation":180,"texture":"#1"}}},{"from":[23.41904,23.9,4.47541],"to":[25.61904,25.1,12.47541],"rotation":{"angle":0,"axis":"y","origin":[13.05952,11.48229,8.2377]},"faces":{"north":{"uv":[0,0,1,1],"rotation":180,"texture":"#2"},"east":{"uv":[0,0,1,1],"rotation":180,"texture":"#2"},"south":{"uv":[0,0,1,1],"rotation":180,"texture":"#2"},"west":{"uv":[0,0,1,1],"rotation":180,"texture":"#2"},"up":{"uv":[0,0,1,1],"rotation":180,"texture":"#2"},"down":{"uv":[0,0,1,1],"rotation":180,"texture":"#2"}}},{"from":[20.98111,23.526,16.47541],"to":[24.08111,24.426,17.47541],"rotation":{"angle":22.5,"axis":"z","origin":[22.37487,23.53544,16.97222]},"faces":{"north":{"uv":[0,0,1,1],"rotation":180,"texture":"#1"},"east":{"uv":[0,0,1,1],"rotation":180,"texture":"#1"},"south":{"uv":[0,0,1,1],"rotation":180,"texture":"#1"},"west":{"uv":[0,0,1,1],"rotation":180,"texture":"#1"},"up":{"uv":[0,0,1,1],"rotation":180,"texture":"#1"},"down":{"uv":[0,0,1,1],"rotation":180,"texture":"#1"}}},{"from":[23.51904,24,-0.52459],"to":[25.51904,25,17.47541],"rotation":{"angle":0,"axis":"y","origin":[13.05952,11.48229,8.2377]},"faces":{"north":{"uv":[0,0,1,1],"rotation":180,"texture":"#1"},"east":{"uv":[0,0,1,1],"rotation":180,"texture":"#1"},"south":{"uv":[0,0,1,1],"rotation":180,"texture":"#1"},"west":{"uv":[0,0,1,1],"rotation":180,"texture":"#1"},"up":{"uv":[0,0,1,1],"rotation":180,"texture":"#1"},"down":{"uv":[0,0,1,1],"rotation":180,"texture":"#1"}}},{"from":[20.13018,0.96195,0.47541],"to":[22.03018,2.76195,1.47541],"rotation":{"angle":0,"axis":"y","origin":[13.05952,8.48229,8.2377]},"faces":{"north":{"uv":[0,0,1,1],"rotation":270,"texture":"#3"},"east":{"uv":[0,0,1,1],"rotation":270,"texture":"#3"},"south":{"uv":[0,0,1,1],"rotation":270,"texture":"#3"},"west":{"uv":[0,0,1,1],"rotation":270,"texture":"#3"},"up":{"uv":[0,0,1,1],"rotation":270,"texture":"#3"},"down":{"uv":[0,0,1,1],"rotation":270,"texture":"#3"}}},{"from":[20.53018,1.36195,0.37541],"to":[21.63018,2.36195,1.57541],"rotation":{"angle":0,"axis":"y","origin":[13.05952,8.48229,8.2377]},"faces":{"north":{"uv":[0,0,1,1],"rotation":270,"texture":"#1"},"east":{"uv":[0,0,1,1],"rotation":270,"texture":"#1"},"south":{"uv":[0,0,1,1],"rotation":270,"texture":"#1"},"west":{"uv":[0,0,1,1],"rotation":270,"texture":"#1"},"up":{"uv":[0,0,1,1],"rotation":270,"texture":"#1"},"down":{"uv":[0,0,1,1],"rotation":270,"texture":"#1"}}},{"from":[-0.06982,0.96195,2.47541],"to":[1.83018,2.76195,3.47541],"rotation":{"angle":0,"axis":"y","origin":[13.05952,8.48229,8.2377]},"faces":{"north":{"uv":[0,0,1,1],"rotation":270,"texture":"#3"},"east":{"uv":[0,0,1,1],"rotation":270,"texture":"#3"},"south":{"uv":[0,0,1,1],"rotation":270,"texture":"#3"},"west":{"uv":[0,0,1,1],"rotation":270,"texture":"#3"},"up":{"uv":[0,0,1,1],"rotation":270,"texture":"#3"},"down":{"uv":[0,0,1,1],"rotation":270,"texture":"#3"}}},{"from":[0.33018,1.36195,2.37541],"to":[1.43018,2.36195,3.57541],"rotation":{"angle":0,"axis":"y","origin":[13.05952,8.48229,8.2377]},"faces":{"north":{"uv":[0,0,1,1],"rotation":270,"texture":"#1"},"east":{"uv":[0,0,1,1],"rotation":270,"texture":"#1"},"south":{"uv":[0,0,1,1],"rotation":270,"texture":"#1"},"west":{"uv":[0,0,1,1],"rotation":270,"texture":"#1"},"up":{"uv":[0,0,1,1],"rotation":270,"texture":"#1"},"down":{"uv":[0,0,1,1],"rotation":270,"texture":"#1"}}},{"from":[-0.06982,0.96195,13.47541],"to":[1.83018,2.76195,14.47541],"rotation":{"angle":0,"axis":"y","origin":[13.05952,8.48229,8.2377]},"faces":{"north":{"uv":[0,0,1,1],"rotation":270,"texture":"#3"},"east":{"uv":[0,0,1,1],"rotation":270,"texture":"#3"},"south":{"uv":[0,0,1,1],"rotation":270,"texture":"#3"},"west":{"uv":[0,0,1,1],"rotation":270,"texture":"#3"},"up":{"uv":[0,0,1,1],"rotation":270,"texture":"#3"},"down":{"uv":[0,0,1,1],"rotation":270,"texture":"#3"}}},{"from":[0.33018,1.36195,13.37541],"to":[1.43018,2.36195,14.57541],"rotation":{"angle":0,"axis":"y","origin":[13.05952,8.48229,8.2377]},"faces":{"north":{"uv":[0,0,1,1],"rotation":270,"texture":"#1"},"east":{"uv":[0,0,1,1],"rotation":270,"texture":"#1"},"south":{"uv":[0,0,1,1],"rotation":270,"texture":"#1"},"west":{"uv":[0,0,1,1],"rotation":270,"texture":"#1"},"up":{"uv":[0,0,1,1],"rotation":270,"texture":"#1"},"down":{"uv":[0,0,1,1],"rotation":270,"texture":"#1"}}},{"from":[20.13018,0.96195,15.47541],"to":[22.03018,2.76195,16.47541],"rotation":{"angle":0,"axis":"y","origin":[13.05952,8.48229,8.2377]},"faces":{"north":{"uv":[0,0,1,1],"rotation":270,"texture":"#3"},"east":{"uv":[0,0,1,1],"rotation":270,"texture":"#3"},"south":{"uv":[0,0,1,1],"rotation":270,"texture":"#3"},"west":{"uv":[0,0,1,1],"rotation":270,"texture":"#3"},"up":{"uv":[0,0,1,1],"rotation":270,"texture":"#3"},"down":{"uv":[0,0,1,1],"rotation":270,"texture":"#3"}}},{"from":[20.53018,1.36195,15.37541],"to":[21.63018,2.36195,16.57541],"rotation":{"angle":0,"axis":"y","origin":[13.05952,8.48229,8.2377]},"faces":{"north":{"uv":[0,0,1,1],"rotation":270,"texture":"#1"},"east":{"uv":[0,0,1,1],"rotation":270,"texture":"#1"},"south":{"uv":[0,0,1,1],"rotation":270,"texture":"#1"},"west":{"uv":[0,0,1,1],"rotation":270,"texture":"#1"},"up":{"uv":[0,0,1,1],"rotation":270,"texture":"#1"},"down":{"uv":[0,0,1,1],"rotation":270,"texture":"#1"}}}],"display":{"thirdperson_righthand":{"rotation":[57,-58,0],"translation":[1,1.5,-1.75],"scale":[0.3,0.3,0.3]},"firstperson_righthand":{"rotation":[0,-85,0],"translation":[2.75,0.25,-0.75],"scale":[0.3,0.3,0.3]},"ground":{"translation":[0,1.5,0],"scale":[0.2,0.2,0.2]},"gui":{"rotation":[15,-135,0],"translation":[2,-2.25,0],"scale":[0.52,0.52,0.52]},"head":{"rotation":[0,-90,0],"translation":[0,-15,-3.5],"scale":[2.2,2.2,2.2]},"fixed":{"translation":[-1.75,-3.5,-4.25],"scale":[0.5,0.5,0.5]}}}