{"credit":"Made with Blockbench","texture_size":[32,32],"textures":{"1":"worm_hammer:worm_hammer_head","2":"worm_hammer:handle","particle":"worm_hammer:handle"},"elements":[{"from":[7,-6,6.5],"to":[10,-3,9.5],"rotation":{"angle":45,"axis":"z","origin":[8,-5,8.1]},"faces":{"north":{"uv":[1,0,4,3],"texture":"#2"},"east":{"uv":[4,9,1,6],"rotation":270,"texture":"#2"},"south":{"uv":[4,0,1,3],"texture":"#2"},"west":{"uv":[1,3,4,6],"texture":"#2"},"up":{"uv":[4,9,1,6],"texture":"#2"},"down":{"uv":[1,3,4,6],"rotation":90,"texture":"#2"}}},{"from":[7,-4,7],"to":[9,0,9],"rotation":{"angle":0,"axis":"z","origin":[8,-5,8]},"faces":{"north":{"uv":[4,0,6,4],"texture":"#2"},"east":{"uv":[4,0,6,4],"texture":"#2"},"south":{"uv":[4,0,6,4],"texture":"#2"},"west":{"uv":[4,0,6,4],"texture":"#2"},"up":{"uv":[3,15,1,13],"texture":"#2"}}},{"from":[7,12,7],"to":[9,16,9],"rotation":{"angle":0,"axis":"z","origin":[8,-2,8]},"faces":{"north":{"uv":[1,9,3,13],"texture":"#2"},"east":{"uv":[1,9,3,13],"texture":"#2"},"south":{"uv":[1,9,3,13],"texture":"#2"},"west":{"uv":[1,9,3,13],"texture":"#2"},"down":{"uv":[3,13,1,15],"texture":"#2"}}},{"from":[7.3,-0.7,7.05],"to":[8.7,0.7,8.95],"rotation":{"angle":45,"axis":"z","origin":[8,0,8.25]},"faces":{"north":{"uv":[4,7.5,5.5,9],"texture":"#2"},"east":{"uv":[4,4,6,5.5],"texture":"#2"},"south":{"uv":[5.5,7.5,4,9],"texture":"#2"},"up":{"uv":[5.5,7.5,4,5.5],"texture":"#2"}}},{"from":[7.3,11.3,7.05],"to":[8.7,12.7,8.95],"rotation":{"angle":-45,"axis":"z","origin":[8,12,8.25]},"faces":{"north":{"uv":[4,9,5.5,7.5],"texture":"#2"},"east":{"uv":[4,5.5,6,4],"texture":"#2"},"south":{"uv":[5.5,9,4,7.5],"texture":"#2"},"down":{"uv":[5.5,5.5,4,7.5],"texture":"#2"}}},{"from":[7.5,0,7.5],"to":[8.5,11.5,8.5],"rotation":{"angle":0,"axis":"y","origin":[6.5,-1,7.5]},"faces":{"north":{"uv":[0,0,1,11],"texture":"#2"},"east":{"uv":[1,0,0,11],"texture":"#2"},"south":{"uv":[0,0,1,11],"texture":"#2"},"west":{"uv":[1,0,0,11],"texture":"#2"}}},{"from":[4,17,6],"to":[8,21,10],"rotation":{"angle":45,"axis":"z","origin":[6,17,7]},"faces":{"north":{"uv":[5.5,2.75,3.5,0.75],"texture":"#1"},"south":{"uv":[3.5,2.75,5.5,0.75],"texture":"#1"},"west":{"uv":[3.5,0.75,5.5,2.75],"rotation":180,"texture":"#1"},"up":{"uv":[5,5.5,3,3.5],"texture":"#1"},"down":{"uv":[3.5,2.75,5.5,0.75],"rotation":90,"texture":"#1"}}},{"from":[2,16,6.5],"to":[5,19,9.5],"rotation":{"angle":22.5,"axis":"z","origin":[6,17,7.5]},"faces":{"north":{"uv":[3,5.5,4.5,7],"texture":"#1"},"south":{"uv":[4.5,5.5,3,7],"texture":"#1"},"west":{"uv":[1,9.5,2.5,11],"texture":"#1"},"up":{"uv":[2.5,12.5,1,11],"texture":"#1"},"down":{"uv":[4,9.5,2.5,11],"texture":"#1"}}},{"from":[3.2,12.8,7],"to":[5.2,14.8,9],"rotation":{"angle":-45,"axis":"z","origin":[6,17,8]},"faces":{"north":{"uv":[11.5,6.5,12.5,7.5],"rotation":90,"texture":"#1"},"east":{"uv":[13,7.75,12,8.75],"rotation":270,"texture":"#1"},"south":{"uv":[12.5,6.5,11.5,7.5],"rotation":270,"texture":"#1"},"west":{"uv":[7.5,12.75,6.75,11.75],"rotation":270,"texture":"#1"},"down":{"uv":[4.75,12,5.75,13],"rotation":270,"texture":"#1"}}},{"from":[5,15.5,5],"to":[11,22.5,11],"rotation":{"angle":22.5,"axis":"z","origin":[8,18,7]},"faces":{"north":{"uv":[0,0,3,3.5],"texture":"#1"},"east":{"uv":[3,0,6,3.5],"texture":"#1"},"south":{"uv":[3,0,0,3.5],"texture":"#1"},"west":{"uv":[3,0,6,3.5],"texture":"#1"},"up":{"uv":[9,3,6,0],"texture":"#1"},"down":{"uv":[9,3,6,0],"texture":"#1"}}},{"from":[9,17.9,6.5],"to":[13,21.9,10.5],"rotation":{"angle":45,"axis":"x","origin":[12,20.4,8]},"faces":{"north":{"uv":[4,9.5,6,11.5],"texture":"#1"},"east":{"uv":[3,7,5.5,9.5],"texture":"#1"},"south":{"uv":[6,9.5,4,11.5],"texture":"#1"},"up":{"uv":[6,9.5,4,11.5],"texture":"#1"},"down":{"uv":[6,9.5,4,11.5],"texture":"#1"}}},{"from":[12,16.7,5],"to":[14,22.7,11],"rotation":{"angle":45,"axis":"x","origin":[12,19.7,8]},"faces":{"north":{"uv":[0,9.5,1,12.5],"texture":"#1"},"east":{"uv":[0,6.5,3,9.5],"texture":"#1"},"south":{"uv":[1,12.5,0,9.5],"texture":"#1"},"west":{"uv":[0,3.5,3,6.5],"texture":"#1"},"up":{"uv":[1,9.5,0,12.5],"texture":"#1"},"down":{"uv":[1,9.5,0,12.5],"texture":"#1"}}},{"from":[13.5,15.7,4],"to":[15.5,23.7,12],"rotation":{"angle":22.5,"axis":"x","origin":[12.5,19.7,8]},"faces":{"north":{"uv":[0,9.5,1,12.5],"texture":"#1"},"east":{"uv":[0,6.5,3,9.5],"texture":"#1"},"south":{"uv":[1,12.5,0,9.5],"texture":"#1"},"west":{"uv":[0,3.5,3,6.5],"texture":"#1"},"up":{"uv":[1,9.5,0,12.5],"texture":"#1"},"down":{"uv":[1,9.5,0,12.5],"texture":"#1"}}},{"from":[14.5,14.7,3],"to":[16.5,24.7,13],"rotation":{"angle":0,"axis":"x","origin":[12.5,19.7,8]},"faces":{"north":{"uv":[0,9.5,1,12.5],"texture":"#1"},"east":{"uv":[0,6.5,3,9.5],"texture":"#1"},"south":{"uv":[1,12.5,0,9.5],"texture":"#1"},"west":{"uv":[0,3.5,3,6.5],"texture":"#1"},"up":{"uv":[1,9.5,0,12.5],"texture":"#1"},"down":{"uv":[1,9.5,0,12.5],"texture":"#1"}}},{"from":[1,20.9,7.9],"to":[9,24.9,8.1],"rotation":{"angle":22.5,"axis":"z","origin":[7,22,6]},"faces":{"north":{"uv":[0,12.5,4,14.5],"texture":"#1"},"south":{"uv":[4,12.5,0,14.5],"texture":"#1"}}},{"from":[12,22,7.8],"to":[14,26,8.2],"rotation":{"angle":0,"axis":"z","origin":[7,22,6]},"faces":{"north":{"uv":[0,14,1.25,16],"texture":"#1"},"south":{"uv":[1.25,14,0,16],"texture":"#1"}}},{"from":[7,21,7.8],"to":[12,25,8.2],"rotation":{"angle":0,"axis":"z","origin":[7,22,6]},"faces":{"north":{"uv":[1.25,12.5,3.75,14.5],"texture":"#1"},"south":{"uv":[3.75,12.5,1.25,14.5],"texture":"#1"}}},{"from":[-1,21,7.95],"to":[4,25,8.05],"rotation":{"angle":45,"axis":"z","origin":[7,22,5.95]},"faces":{"north":{"uv":[1.25,12.5,3.75,14.5],"texture":"#1"},"south":{"uv":[3.75,12.5,1.25,14.5],"texture":"#1"}}}],"gui_light":"front","display":{"thirdperson_righthand":{"rotation":[0,90,0],"translation":[0,0,2]},"thirdperson_lefthand":{"rotation":[0,-90,0],"translation":[0,0,2]},"firstperson_righthand":{"rotation":[-16,95,7],"translation":[0.5,0.5,2],"scale":[0.8,0.8,0.8]},"firstperson_lefthand":{"rotation":[4,-95,7],"translation":[0.5,0.5,2],"scale":[0.8,0.8,0.8]},"ground":{"rotation":[90,0,0]},"gui":{"rotation":[0,0,-45],"translation":[-1.75,-0.75,-1],"scale":[0.7,0.7,0.7]},"head":{"rotation":[0,0,155],"translation":[0.75,-16.75,4.25],"scale":[1.4,1.4,1.4]},"fixed":{"rotation":[180,0,135],"translation":[0.75,-1,-1]}}}