{"variants":{"west=true,up=true,south=true,north=true,east=true,down=true":{"model":"block/original/chorus_plant"},"down=false,east=false,north=false,south=true,up=true,west=false":{"model":"iabombs:bombs/t0"},"down=false,east=false,north=false,south=false,up=false,west=true":{"model":"iabombs:bombs/t1"},"down=false,east=false,north=false,south=false,up=true,west=true":{"model":"iabombs:bombs/t2"},"down=false,east=false,north=false,south=true,up=false,west=false":{"model":"iabombs:bombs/t3"},"down=false,east=false,north=false,south=true,up=false,west=true":{"model":"iabombs:bombs/t4"}}}