{"parent":"minecraft:item/handheld","textures":{"layer0":"minecraft:item/diamond_sword"},"overrides":[{"predicate":{"custom_model_data":10000},"model":"iaspecial_swords:item/closed_lightsaber"},{"predicate":{"custom_model_data":10001},"model":"iaspecial_swords:item/green_lightsaber"},{"predicate":{"custom_model_data":10002},"model":"iaspecial_swords:item/red_lightsaber"},{"predicate":{"custom_model_data":10003},"model":"iaspecial_swords:item/blue_lightsaber"},{"predicate":{"custom_model_data":10004},"model":"iaspecial_swords:item/masters_sword"},{"predicate":{"custom_model_data":10012},"model":"iaspecial_swords:ia_auto_gen/repulser_sword"},{"predicate":{"custom_model_data":10013},"model":"iaspecial_swords:ia_auto_gen/elucidator_sword"},{"predicate":{"custom_model_data":10016},"model":"iaspecial_swords:item/floating_sword"},{"predicate":{"custom_model_data":10017},"model":"item/diamond_sword"}]}