{"parent":"item/generated","textures":{"layer0":"item/leather_boots","layer1":"item/leather_boots_overlay"},"overrides":[{"predicate":{"custom_model_data":10000},"model":"iasurvival:ia_auto_gen/ruby_boots"},{"predicate":{"custom_model_data":10001},"model":"iaalchemy:ia_auto_gen/mysterious_boots"},{"predicate":{"custom_model_data":10002},"model":"iasurvival:ia_auto_gen/bronze_boots"},{"predicate":{"custom_model_data":10003},"model":"iasurvival:ia_auto_gen/obsidian_boots"},{"predicate":{"custom_model_data":10004},"model":"iasurvival:ia_auto_gen/dark_amethyst_boots"},{"predicate":{"custom_model_data":10005},"model":"item/leather_boots"}]}