{"parent":"item/generated","textures":{"layer0":"item/leather_helmet","layer1":"item/leather_helmet_overlay"},"overrides":[{"predicate":{"custom_model_data":10000},"model":"iasurvival:ia_auto_gen/ruby_helmet"},{"predicate":{"custom_model_data":10001},"model":"iasurvival:ia_auto_gen/bronze_helmet"},{"predicate":{"custom_model_data":10002},"model":"iasurvival:ia_auto_gen/obsidian_helmet"},{"predicate":{"custom_model_data":10003},"model":"iasurvival:ia_auto_gen/dark_amethyst_helmet"},{"predicate":{"custom_model_data":10004},"model":"item/leather_helmet"}]}