{"parent":"minecraft:item/generated","textures":{"layer0":"minecraft:item/paper"},"overrides":[{"predicate":{"custom_model_data":10000},"model":"_iainternal:ia_auto_gen/icon_left_blue"},{"predicate":{"custom_model_data":10001},"model":"_iainternal:ia_auto_gen/icon_right_blue"},{"predicate":{"custom_model_data":10002},"model":"_iainternal:ia_auto_gen/icon_search"},{"predicate":{"custom_model_data":10003},"model":"_iainternal:ia_auto_gen/icon_cancel"},{"predicate":{"custom_model_data":10004},"model":"_iainternal:ia_auto_gen/icon_arrow_chest"},{"predicate":{"custom_model_data":10005},"model":"_iainternal:ia_auto_gen/icon_back_orange"},{"predicate":{"custom_model_data":10006},"model":"_iainternal:ia_auto_gen/icon_next_orange"},{"predicate":{"custom_model_data":10010},"model":"iafestivities:halloween/decorative_pumpkin"},{"predicate":{"custom_model_data":10022},"model":"mcicons:ia_auto_gen/icon_left_gray"},{"predicate":{"custom_model_data":10023},"model":"mcicons:ia_auto_gen/icon_left_blue"},{"predicate":{"custom_model_data":10024},"model":"mcicons:ia_auto_gen/icon_right_gray"},{"predicate":{"custom_model_data":10025},"model":"mcicons:ia_auto_gen/icon_right_blue"},{"predicate":{"custom_model_data":10026},"model":"mcicons:ia_auto_gen/icon_up_gray"},{"predicate":{"custom_model_data":10027},"model":"mcicons:ia_auto_gen/icon_up_blue"},{"predicate":{"custom_model_data":10028},"model":"mcicons:ia_auto_gen/icon_down_gray"},{"predicate":{"custom_model_data":10029},"model":"mcicons:ia_auto_gen/icon_down_blue"},{"predicate":{"custom_model_data":10030},"model":"mcicons:ia_auto_gen/icon_next_white"},{"predicate":{"custom_model_data":10031},"model":"mcicons:ia_auto_gen/icon_next_orange"},{"predicate":{"custom_model_data":10032},"model":"mcicons:ia_auto_gen/icon_back_white"},{"predicate":{"custom_model_data":10033},"model":"mcicons:ia_auto_gen/icon_back_orange"},{"predicate":{"custom_model_data":10034},"model":"mcicons:ia_auto_gen/icon_cancel"},{"predicate":{"custom_model_data":10035},"model":"mcicons:ia_auto_gen/icon_confirm"},{"predicate":{"custom_model_data":10036},"model":"mcicons:ia_auto_gen/icon_lock"},{"predicate":{"custom_model_data":10037},"model":"mcicons:ia_auto_gen/icon_unlock"},{"predicate":{"custom_model_data":10038},"model":"mcicons:ia_auto_gen/icon_web"},{"predicate":{"custom_model_data":10039},"model":"mcicons:ia_auto_gen/icon_ender_chest"},{"predicate":{"custom_model_data":10040},"model":"mcicons:ia_auto_gen/icon_refresh"},{"predicate":{"custom_model_data":10041},"model":"mcicons:ia_auto_gen/icon_time_day"},{"predicate":{"custom_model_data":10042},"model":"mcicons:ia_auto_gen/icon_time_midnight"},{"predicate":{"custom_model_data":10043},"model":"mcicons:ia_auto_gen/icon_time_night"},{"predicate":{"custom_model_data":10044},"model":"mcicons:ia_auto_gen/icon_time_noon"},{"predicate":{"custom_model_data":10045},"model":"mcicons:ia_auto_gen/icon_time_sunrise"},{"predicate":{"custom_model_data":10046},"model":"mcicons:ia_auto_gen/icon_time_sunset"},{"predicate":{"custom_model_data":10047},"model":"mcicons:ia_auto_gen/icon_toggle_off"},{"predicate":{"custom_model_data":10048},"model":"mcicons:ia_auto_gen/icon_toggle_on"},{"predicate":{"custom_model_data":10049},"model":"mcicons:ia_auto_gen/icon_arrow_chest"},{"predicate":{"custom_model_data":10050},"model":"mcicons:ia_auto_gen/icon_plus"},{"predicate":{"custom_model_data":10051},"model":"mcicons:ia_auto_gen/icon_color_picker"},{"predicate":{"custom_model_data":10052},"model":"mcicons:ia_auto_gen/icon_comment"},{"predicate":{"custom_model_data":10053},"model":"mcicons:ia_auto_gen/icon_search"},{"predicate":{"custom_model_data":10056},"model":"iavehicles:ground/shopping_cart"},{"predicate":{"custom_model_data":10063},"model":"iafestivities:christmas/christmas_candle"},{"predicate":{"custom_model_data":10070},"model":"iafestivities:christmas/christmas_tree"},{"predicate":{"custom_model_data":10119},"model":"iafestivities:christmas/christmas_wreath"},{"predicate":{"custom_model_data":10162},"model":"iafestivities:christmas/decorative_candy_cane"},{"predicate":{"custom_model_data":10166},"model":"iageneric:ia_auto_gen/banknote"},{"predicate":{"custom_model_data":10168},"model":"worm_hammer:worm_hammer"},{"predicate":{"custom_model_data":10173},"model":"iabombs:bombs/t1"},{"predicate":{"custom_model_data":10175},"model":"iabombs:bombs/t2"},{"predicate":{"custom_model_data":10176},"model":"iabombs:bombs/t3"},{"predicate":{"custom_model_data":10177},"model":"iabombs:bombs/t4"},{"predicate":{"custom_model_data":10178},"model":"iabombs:bombs/t0"},{"predicate":{"custom_model_data":10179},"model":"item/paper"}]}