{"parent":"minecraft:item/handheld","textures":{"layer0":"minecraft:item/stick"},"overrides":[{"predicate":{"custom_model_data":10000},"model":"iageneric:ia_auto_gen/bug_medal"},{"predicate":{"custom_model_data":10001},"model":"iageneric:ia_auto_gen/cute_medal"},{"predicate":{"custom_model_data":10002},"model":"iageneric:ia_auto_gen/donator_medal"},{"predicate":{"custom_model_data":10003},"model":"iageneric:ia_auto_gen/coin"},{"predicate":{"custom_model_data":10005},"model":"iageneric:ia_auto_gen/sack_of_money"},{"predicate":{"custom_model_data":10007},"model":"iageneric:ia_auto_gen/light_blue_coupon"},{"predicate":{"custom_model_data":10008},"model":"iageneric:ia_auto_gen/turquoise_coupon"},{"predicate":{"custom_model_data":10009},"model":"iageneric:ia_auto_gen/purple_coupon"},{"predicate":{"custom_model_data":10010},"model":"iageneric:ia_auto_gen/green_coupon"},{"predicate":{"custom_model_data":10011},"model":"iageneric:ia_auto_gen/red_coupon"},{"predicate":{"custom_model_data":10012},"model":"iageneric:ia_auto_gen/black_coupon"},{"predicate":{"custom_model_data":10013},"model":"iageneric:ia_auto_gen/white_coupon"},{"predicate":{"custom_model_data":10014},"model":"iageneric:ia_auto_gen/golden_coupon"},{"predicate":{"custom_model_data":10025},"model":"iageneric:ia_auto_gen/blue_key"},{"predicate":{"custom_model_data":10026},"model":"iageneric:ia_auto_gen/light_blue_key"},{"predicate":{"custom_model_data":10027},"model":"iageneric:ia_auto_gen/turquoise_key"},{"predicate":{"custom_model_data":10028},"model":"iageneric:ia_auto_gen/purple_key"},{"predicate":{"custom_model_data":10029},"model":"iageneric:ia_auto_gen/green_key"},{"predicate":{"custom_model_data":10030},"model":"iageneric:ia_auto_gen/red_key"},{"predicate":{"custom_model_data":10031},"model":"iageneric:ia_auto_gen/black_key"},{"predicate":{"custom_model_data":10032},"model":"iageneric:ia_auto_gen/white_key"},{"predicate":{"custom_model_data":10033},"model":"iageneric:ia_auto_gen/golden_key"},{"predicate":{"custom_model_data":10034},"model":"iageneric:item/carton_box"},{"predicate":{"custom_model_data":10035},"model":"item/stick"}]}