{"credit":"Made with Blockbench","textures":{"0":"iabombs:bombs/t1","particle":"iabombs:bombs/t1"},"elements":[{"from":[4,0,4],"to":[12,8,12],"faces":{"north":{"uv":[0,2,2,4],"texture":"#0"},"east":{"uv":[2,2,4,4],"texture":"#0"},"south":{"uv":[4,2,6,4],"texture":"#0"},"west":{"uv":[6,2,8,4],"texture":"#0"},"up":{"uv":[2,0,4,2],"texture":"#0"},"down":{"uv":[4,0,6,2],"texture":"#0"}}},{"from":[3.8,3,4],"to":[4,5,12],"faces":{"north":{"uv":[0,4,0.2,2],"texture":"#0"},"east":{"uv":[8,2.75,10,3.25],"texture":"#0"},"south":{"uv":[0,4,0.2,2],"texture":"#0"},"west":{"uv":[8,2.75,10,3.25],"texture":"#0"},"up":{"uv":[0,2,0.2,4],"rotation":180,"texture":"#0"},"down":{"uv":[0,2,0.2,4],"rotation":180,"texture":"#0"}}},{"from":[4,3,3.8],"to":[12,5,4],"faces":{"north":{"uv":[8,2.75,10,3.25],"texture":"#0"},"east":{"uv":[0,4,0.2,2],"texture":"#0"},"south":{"uv":[8,2.75,10,3.25],"texture":"#0"},"west":{"uv":[0,4,0.2,2],"texture":"#0"},"up":{"uv":[0,2,0.2,4],"rotation":90,"texture":"#0"},"down":{"uv":[0,2,0.2,4],"rotation":270,"texture":"#0"}}},{"from":[12,3,4],"to":[12.2,5,12],"faces":{"north":{"uv":[0,2,0.2,4],"texture":"#0"},"east":{"uv":[8,2.75,10,3.25],"texture":"#0"},"south":{"uv":[0,4,0.2,2],"texture":"#0"},"west":{"uv":[8,2.75,10,3.25],"texture":"#0"},"up":{"uv":[0,2,0.2,4],"texture":"#0"},"down":{"uv":[0,2,0.2,4],"texture":"#0"}}},{"from":[4,3,12],"to":[12,5,12.2],"faces":{"north":{"uv":[8,2.75,10,3.25],"texture":"#0"},"east":{"uv":[0,2,0.2,4],"texture":"#0"},"south":{"uv":[8,2.75,10,3.25],"texture":"#0"},"west":{"uv":[0,2,0.2,4],"texture":"#0"},"up":{"uv":[0,2,0.2,4],"rotation":90,"texture":"#0"},"down":{"uv":[0,2,0.2,4],"rotation":270,"texture":"#0"}}}],"display":{"thirdperson_righthand":{"rotation":[36,45,0],"translation":[0,3.75,0],"scale":[0.6,0.6,0.6]},"thirdperson_lefthand":{"translation":[0,3,0],"scale":[0.4,0.4,0.4]},"firstperson_righthand":{"translation":[0.25,3.25,0],"scale":[0.6,0.6,0.6]},"firstperson_lefthand":{"translation":[0.25,3.25,0],"scale":[0.6,0.6,0.6]},"ground":{"translation":[0,2,0],"scale":[0.65,0.65,0.65]},"gui":{"rotation":[21,27,0],"translation":[0.25,3.25,-12.25]},"head":{"translation":[0,8.5,0],"scale":[2,2,2]},"fixed":{"translation":[0.5,4.75,1]}}}